NIP,NAMA,GOL,STATUS,LEMBUR(JAM),GAJI_POKOK,TRANSPORT,HONOR_LEMBUR,TOTAL_GAJI
P0001,WIDIASTUTI,3A,PEG.TETAP,5,3500000,525000.0,0.0,4025000.0
P0002,HARSONO,1B,PEG.KONTRAK,10,2000000,500000.0,200000.0,2700000.0
P0003,NURUL FIKRI,2B,PEG.TETAP,5,3000000,450000.0,750000.0,4200000.0
P0004,HENNY DESTINY,3B,PEG.TETAP,10,4000000,600000.0,0.0,4600000.0
P0005,WENDY,1A,PEG.KONTRAK,10,1500000,375000.0,150000.0,2025000.0
P0006,PUPUT,2A,PEG.TETAP,5,2500000,625000.0,625000.0,3750000.0
P0007,ESTY DEWI,2B,PEG.KONTRAK,5,3000000,450000.0,375000.0,3825000.0
P0008,BUDIONO,3A,PEG.TETAP,10,3500000,525000.0,0.0,4025000.0
P0009,MULYADI,2B,PEG.KONTRAK,5,3000000,450000.0,375000.0,3825000.0
P0010,AHMAD,2A,PEG.KONTRAK,10,2500000,625000.0,625000.0,3750000.0
