NIP,NAMA,GOL,STATUS,LEMBUR(JAM),TRANSPORT,HONOR_LEMBUR,PAJAK,GAJI_DIBAYAR
P0001,WIDIASTUTI,3A,PEG.TETAP,5,525000.0,0.0,402500.0,3622500.0
P0002,HARSONO,1B,PEG.KONTRAK,10,500000.0,200000.0,135000.0,2565000.0
P0003,NURUL FIKRI,2B,PEG.TETAP,5,450000.0,0.0,172500.0,3277500.0
P0004,HENNY DESTINY,3B,PEG.TETAP,10,600000.0,0.0,460000.0,4140000.0
P0005,WENDY,1A,PEG.KONTRAK,10,375000.0,150000.0,101250.0,1923750.0
P0006,PUPUT,2A,PEG.TETAP,5,625000.0,0.0,156250.0,2968750.0
P0007,ESTY DEWI,2B,PEG.KONTRAK,5,450000.0,375000.0,191250.0,3633750.0
P0008,BUDIONO,3A,PEG.TETAP,10,525000.0,0.0,402500.0,3622500.0
P0009,MULYADI,2B,PEG.KONTRAK,5,450000.0,375000.0,191250.0,3633750.0
P0010,AHMAD,2A,PEG.KONTRAK,10,625000.0,625000.0,187500.0,3562500.0
